{
  "options": {
    "alignment_resolution": {
      "add_split_junction_sides": true,
      "junction_allow_suboptimal_matches": false,
      "junction_minimum_side_match": 1,
      "junction_pos_hash_neg_log10_p_value_cutoff": 3.0,
      "minimum_alignment_resolution_pos_hash_score": 3,
      "minimum_pr_no_read_start_per_position": 0.1
    },
    "candidate_junction": {
      "highly_redundant_junction_ignore_passed_pair_limit": 200,
      "maximum_candidate_junction_length_factor": 0.1,
      "maximum_candidate_junctions": 5000,
      "maximum_junction_sequence_insertion_length": 0,
      "maximum_junction_sequence_negative_overlap_length_fraction": 0.4,
      "maximum_junction_sequence_negative_overlap_length_minimum": 12,
      "maximum_junction_sequence_overlap_length": 0,
      "maximum_junction_sequence_passed_alignment_pairs_to_consider": 100000,
      "maximum_junction_sequence_positive_overlap_length_fraction": 0.4,
      "maximum_junction_sequence_positive_overlap_length_minimum": 12,
      "minimum_candidate_junction_pos_hash_score": 2,
      "minimum_candidate_junctions": 100,
      "preprocess_junction_min_indel_split_length": 3,
      "required_both_unique_length_per_side": 1,
      "required_both_unique_length_per_side_fraction": 0.2,
      "required_one_unique_length_per_side": 0,
      "unmatched_end_length_factor": 0.1,
      "unmatched_end_minimum_read_length": 50
    },
    "mutation_identification": {
      "base_quality_cutoff": 3,
      "consensus_frequency_cutoff": 0.8,
      "consensus_minimum_total_coverage": 0,
      "consensus_minimum_total_coverage_each_strand": 0,
      "consensus_minimum_variant_coverage": 0,
      "consensus_minimum_variant_coverage_each_strand": 0,
      "consensus_reject_indel_homopolymer_length": 1698227376,
      "consensus_reject_surrounding_homopolymer_length": 32765,
      "deletion_coverage_propagation_cutoff": 0.0,
      "deletion_coverage_seed_cutoff": 0.0,
      "mixed_base_prediction": true,
      "mutation_log10_e_value_cutoff": 10.0,
      "no_indel_polymorphisms": false,
      "polymorphism_bias_p_value_cutoff": 0.0,
      "polymorphism_frequency_cutoff": 0.2,
      "polymorphism_log10_e_value_cutoff": 10.0,
      "polymorphism_minimum_total_coverage": 0,
      "polymorphism_minimum_total_coverage_each_strand": 0,
      "polymorphism_minimum_variant_coverage": 0,
      "polymorphism_minimum_variant_coverage_each_strand": 0,
      "polymorphism_prediction": false,
      "polymorphism_reject_indel_homopolymer_length": 0,
      "polymorphism_reject_surrounding_homopolymer_length": 0,
      "print_mutation_identification_per_position_file": false,
      "quality_score_trim": 0,
      "targeted_sequencing": false,
      "user_evidence_genome_diff_file_name": ""
    },
    "mutation_prediction": {
      "ignore_within_this_multiple_of_average_read_length_of_contig_end": 2,
      "size_cutoff_AMP_becomes_INS_DEL_mutation": 50
    },
    "output": {
      "header_genome_diff_file_name": "",
      "hide_circular_genome_junctions": true,
      "max_displayed_reads": 100,
      "max_nucleotides_to_show_in_tables": 20,
      "max_rejected_junction_evidence_to_show": 10,
      "max_rejected_read_alignment_evidence_to_show": 20,
      "no_javascript": false
    },
    "read_alignment": {
      "bowtie2_genome_maximum_alignments_to_consider_per_read": 2000,
      "bowtie2_junction": "--local -i S,1,0.25 --score-min L,1,0.70 -k 2000",
      "bowtie2_junction_maximum_alignments_to_consider_per_read": 2000,
      "bowtie2_scoring": "--ma 1 --mp 3 --np 0 --rdg 2,3 --rfg 2,3 --ignore-quals",
      "bowtie2_stage1": "--local -i S,1,0.25 --score-min L,1,0.9 -k 2000",
      "bowtie2_stage2": "--local -i S,1,0.25 --score-min L,6,0.2 -k 2000",
      "maximum_read_mismatches": -1,
      "minimum_mapping_quality": 0,
      "require_match_fraction": 0.9,
      "require_match_length": 0
    },
    "read_file": {
      "aligned_sam_mode": false,
      "read_file_coverage_fold_limit": 0.0,
      "read_file_long_read_distribute_remainder": false,
      "read_file_long_read_split_length": 200,
      "read_file_long_read_trigger_length": 1000,
      "read_file_max_N_fraction": 0.5,
      "read_file_max_same_base_fraction": 0.9,
      "read_file_read_length_min": 18
    },
    "workflow": {
      "custom_run_name": "",
      "genbank_field_for_seq_id": "AUTOMATIC",
      "num_processors": 1,
      "skip_alignment_or_plot_generation": false,
      "skip_missing_coverage_prediction": false,
      "skip_new_junction_prediction": false,
      "skip_read_alignment_and_missing_coverage_prediction": false,
      "skip_read_filtering": false
    }
  },
  "reads": {
    "read_file": {
      "JBA202-A_S73_R1_001": {
        "fraction_aligned_bases": 0.978854462412546,
        "fraction_aligned_reads": 0.978060630807758,
        "max_quality_score": 40,
        "min_quality_score": 2,
        "num_aligned_bases": 242755290,
        "num_aligned_reads": 1657535,
        "num_bases": 247999370,
        "num_filtered_same_base_reads": 0,
        "num_filtered_too_many_N_reads": 0,
        "num_filtered_too_short_reads": 0,
        "num_original_bases": 247999370,
        "num_original_reads": 1694716,
        "num_reads": 1694716,
        "quality_format": "SANGER",
        "quality_format_original": "SANGER",
        "read_length_avg": 146.33683165793,
        "read_length_max": 151,
        "read_length_min": 35,
        "reads_were_split": false
      },
      "JBA202-A_S73_R2_001": {
        "fraction_aligned_bases": 0.970178073906266,
        "fraction_aligned_reads": 0.969634197957068,
        "max_quality_score": 40,
        "min_quality_score": 2,
        "num_aligned_bases": 237736249,
        "num_aligned_reads": 1624274,
        "num_bases": 245043931,
        "num_filtered_same_base_reads": 19559,
        "num_filtered_too_many_N_reads": 16,
        "num_filtered_too_short_reads": 0,
        "num_original_bases": 247998364,
        "num_original_reads": 1694716,
        "num_reads": 1675141,
        "quality_format": "SANGER",
        "quality_format_original": "SANGER",
        "read_length_avg": 146.282570243341,
        "read_length_max": 151,
        "read_length_min": 35,
        "reads_were_split": false
      }
    },
    "total_aligned_bases": 480491539,
    "total_aligned_reads": 3281809,
    "total_bases": 493043301,
    "total_fraction_aligned_bases": 0.974542272505189,
    "total_fraction_aligned_reads": 0.973871888332354,
    "total_reads": 3369857
  },
  "references": {
    "reference": {
      "CP000522": {
        "coverage_average": 744.6594,
        "coverage_deletion_coverage_propagation_cutoff": 478.0,
        "coverage_deletion_coverage_seed_cutoff": 0.0,
        "coverage_group": 1,
        "coverage_nbinom_mean_parameter": 726.6468,
        "coverage_nbinom_prob_parameter": 0.103369816732253,
        "coverage_nbinom_relative_variance": 9.67400380122746,
        "coverage_nbinom_size_parameter": 83.77294,
        "coverage_nbinom_variance": 7029.58390534977,
        "coverage_relative_variance": 15.61806,
        "coverage_variance": 11630.13,
        "junction_only": false,
        "length": 13408,
        "num_bases_mapped_to_reference": 9881694.0,
        "num_features": 24,
        "num_genes": 11,
        "num_reads_mapped_to_reference": 66760.0,
        "num_repeats": 0
      },
      "CP000523": {
        "coverage_average": 2151.362,
        "coverage_deletion_coverage_propagation_cutoff": 1511.0,
        "coverage_deletion_coverage_seed_cutoff": 0.0,
        "coverage_group": 2,
        "coverage_nbinom_mean_parameter": 2166.665,
        "coverage_nbinom_prob_parameter": 0.0448584344656369,
        "coverage_nbinom_relative_variance": 22.2923517486112,
        "coverage_nbinom_size_parameter": 101.7579,
        "coverage_nbinom_variance": 48300.0583014046,
        "coverage_relative_variance": 26.05782,
        "coverage_variance": 56059.81,
        "junction_only": false,
        "length": 11302,
        "num_bases_mapped_to_reference": 23989467.0,
        "num_features": 12,
        "num_genes": 5,
        "num_reads_mapped_to_reference": 162008.0,
        "num_repeats": 0
      },
      "CP012005": {
        "coverage_average": 90.58988,
        "coverage_deletion_coverage_propagation_cutoff": 42.0,
        "coverage_deletion_coverage_seed_cutoff": 0.0,
        "coverage_group": 3,
        "coverage_nbinom_mean_parameter": 89.79287,
        "coverage_nbinom_prob_parameter": 0.36494388713492,
        "coverage_nbinom_relative_variance": 2.74014728086211,
        "coverage_nbinom_size_parameter": 51.60073,
        "coverage_nbinom_variance": 246.045688571305,
        "coverage_relative_variance": 2.982625,
        "coverage_variance": 270.1956,
        "junction_only": false,
        "length": 148955,
        "num_bases_mapped_to_reference": 13612639.0000002,
        "num_features": 318,
        "num_genes": 157,
        "num_reads_mapped_to_reference": 93032.8333333318,
        "num_repeats": 0
      },
      "NZ_CP012004": {
        "coverage_average": 112.0134,
        "coverage_deletion_coverage_propagation_cutoff": 52.0,
        "coverage_deletion_coverage_seed_cutoff": 0.0,
        "coverage_group": 0,
        "coverage_nbinom_mean_parameter": 112.1788,
        "coverage_nbinom_prob_parameter": 0.36469461832593,
        "coverage_nbinom_relative_variance": 2.74202017180931,
        "coverage_nbinom_size_parameter": 64.39581,
        "coverage_nbinom_variance": 307.596532449363,
        "coverage_relative_variance": 2.83395,
        "coverage_variance": 317.4403,
        "junction_only": false,
        "length": 3857738,
        "num_bases_mapped_to_reference": 432136899.967004,
        "num_features": 7338,
        "num_genes": 3638,
        "num_reads_mapped_to_reference": 2956509.16666362,
        "num_repeats": 55
      }
    },
    "total_features": 7692,
    "total_genes": 3811,
    "total_length": 4031403,
    "total_repeats": 55
  }
}